{
    "os": "Linux-4.4.0-59-generic-x86_64-with-glibc2.17",
    "python": "3.8.13",
    "heartbeatAt": "2022-06-07T20:41:39.401327",
    "startedAt": "2022-06-07T20:41:38.187463",
    "docker": null,
    "gpu": "Tesla V100-SXM2-32GB",
    "gpu_count": 1,
    "cpu_count": 8,
    "cuda": null,
    "args": [
        "--model=MultiDAE",
        "--wandb_project=batchtag_0",
        "--checkpoint_dir=saved/0"
    ],
    "state": "running",
    "program": "run_recbole.py",
    "codePath": "run_recbole.py",
    "git": {
        "remote": "https://github.com/RUCAIBox/RecBole.git",
        "commit": "ddff6211d030906f502a073a9f2b9e2250e93664"
    },
    "email": null,
    "root": "/opt/ml/final-project-level3-recsys-13/modeling/RecBole",
    "host": "2fc5802d03ce",
    "username": "root",
    "executable": "/opt/conda/envs/last-project/bin/python"
}
